{"v":"5.5.2","fr":30,"ip":0,"op":103,"w":750,"h":750,"nm":"loves","ddd":0,"assets":[{"id":"comp_0","layers":[{"ddd":0,"ind":1,"ty":0,"nm":"love","refId":"comp_1","sr":1,"ks":{"o":{"a":1,"k":[{"i":{"x":[0.833],"y":[0.833]},"o":{"x":[0.167],"y":[0.167]},"t":0,"s":[0]},{"i":{"x":[0.833],"y":[0.833]},"o":{"x":[0.167],"y":[0.167]},"t":8.4,"s":[100]},{"i":{"x":[0.833],"y":[0.833]},"o":{"x":[0.167],"y":[0.167]},"t":33.6,"s":[100]},{"t":42,"s":[0]}],"ix":11},"r":{"a":0,"k":0,"ix":10},"p":{"a":1,"k":[{"i":{"x":0.833,"y":0.833},"o":{"x":0.167,"y":0.167},"t":0,"s":[36,38,0],"to":[0,-0.098,0],"ti":[0,0.219,0]},{"i":{"x":0.833,"y":0.833},"o":{"x":0.167,"y":0.167},"t":8.4,"s":[36,169.5,0],"to":[0,-0.367,0],"ti":[0,-31.491,0]},{"i":{"x":0.833,"y":0.833},"o":{"x":0.167,"y":0.167},"t":33.6,"s":[36,614.332,0],"to":[0,13.816,0],"ti":[0,0.072,0]},{"t":42,"s":[36,722,0]}],"ix":2},"a":{"a":0,"k":[36,36,0],"ix":1},"s":{"a":1,"k":[{"i":{"x":[0.833,0.833,0.833],"y":[0.833,0.833,0.833]},"o":{"x":[0.167,0.167,0.167],"y":[0.167,0.167,0.167]},"t":0,"s":[80,80,100]},{"i":{"x":[0.833,0.833,0.833],"y":[0.833,0.833,0.833]},"o":{"x":[0.167,0.167,0.167],"y":[0.167,0.167,0.167]},"t":8.4,"s":[100,100,100]},{"i":{"x":[0.833,0.833,0.833],"y":[0.833,0.833,0.833]},"o":{"x":[0.167,0.167,0.167],"y":[0.167,0.167,0.167]},"t":33.6,"s":[100,100,100]},{"t":42,"s":[80,80,100]}],"ix":6}},"ao":0,"w":72,"h":72,"ip":0,"op":900,"st":0,"bm":0}]},{"id":"comp_1","layers":[{"ddd":0,"ind":1,"ty":4,"nm":"love","sr":1,"ks":{"o":{"a":0,"k":100,"ix":11},"r":{"a":0,"k":0,"ix":10},"p":{"a":0,"k":[36,36,0],"ix":2},"a":{"a":0,"k":[20,20,0],"ix":1},"s":{"a":0,"k":[178.75,178.75,100],"ix":6}},"ao":0,"shapes":[{"ty":"gr","it":[{"ind":0,"ty":"sh","ix":1,"ks":{"a":0,"k":{"i":[[0,0],[2.74,-8.513],[3.25,1.25],[-1.949,6.406],[-2.978,-4.415]],"o":[[5.488,-6.75],[-1.211,3.761],[-5.37,-2.065],[1.923,-6.316],[-3.059,-4.535]],"v":[[0,-5.545],[11.441,-0.205],[-0.934,11.045],[-12.232,-4.514],[0,-5.545]],"c":true},"ix":2},"nm":"路径 1","mn":"ADBE Vector Shape - Group","hd":false},{"ty":"fl","c":{"a":0,"k":[1,1,1,1],"ix":4},"o":{"a":0,"k":100,"ix":5},"r":1,"bm":0,"nm":"填充 1","mn":"ADBE Vector Graphic - Fill","hd":false},{"ty":"tr","p":{"a":0,"k":[20.099,19.859],"ix":2},"a":{"a":0,"k":[0,0],"ix":1},"s":{"a":0,"k":[100,100],"ix":3},"r":{"a":0,"k":0,"ix":6},"o":{"a":0,"k":100,"ix":7},"sk":{"a":0,"k":0,"ix":4},"sa":{"a":0,"k":0,"ix":5},"nm":"变换"}],"nm":"组 1","np":2,"cix":2,"bm":0,"ix":1,"mn":"ADBE Vector Group","hd":false},{"ty":"gr","it":[{"ind":0,"ty":"sh","ix":1,"ks":{"a":0,"k":{"i":[[0,-10.942],[10.942,0],[0,10.942],[-10.943,0]],"o":[[0,10.942],[-10.943,0],[0,-10.942],[10.942,0]],"v":[[19.812,0],[0.001,19.812],[-19.812,0],[0.001,-19.812]],"c":true},"ix":2},"nm":"路径 1","mn":"ADBE Vector Shape - Group","hd":false},{"ty":"gf","o":{"a":0,"k":100,"ix":10},"r":1,"bm":0,"g":{"p":3,"k":{"a":0,"k":[0,0.909,0.116,0.497,0.5,0.955,0.255,0.292,1,1,0.394,0.087],"ix":9}},"s":{"a":0,"k":[-0.472,-16.969],"ix":5},"e":{"a":0,"k":[0.146,20],"ix":6},"t":1,"nm":"gradient","mn":"ADBE Vector Graphic - G-Fill","hd":false},{"ty":"fl","c":{"a":0,"k":[1,0,0.438999998803,1],"ix":4},"o":{"a":0,"k":100,"ix":5},"r":1,"bm":0,"nm":"填充 1","mn":"ADBE Vector Graphic - Fill","hd":false},{"ty":"tr","p":{"a":0,"k":[19.812,19.938],"ix":2},"a":{"a":0,"k":[0,0],"ix":1},"s":{"a":0,"k":[100,100],"ix":3},"r":{"a":0,"k":0,"ix":6},"o":{"a":0,"k":100,"ix":7},"sk":{"a":0,"k":0,"ix":4},"sa":{"a":0,"k":0,"ix":5},"nm":"变换"}],"nm":"组 2","np":3,"cix":2,"bm":0,"ix":2,"mn":"ADBE Vector Group","hd":false}],"ip":0,"op":900,"st":0,"bm":0}]},{"id":"comp_2","layers":[{"ddd":0,"ind":1,"ty":0,"nm":"love","refId":"comp_1","sr":1,"ks":{"o":{"a":1,"k":[{"i":{"x":[0.833],"y":[0.833]},"o":{"x":[0.167],"y":[0.167]},"t":0,"s":[0]},{"i":{"x":[0.833],"y":[0.833]},"o":{"x":[0.167],"y":[0.167]},"t":13.2,"s":[100]},{"i":{"x":[0.833],"y":[0.833]},"o":{"x":[0.167],"y":[0.167]},"t":48,"s":[100]},{"t":60,"s":[0]}],"ix":11},"r":{"a":0,"k":0,"ix":10},"p":{"a":1,"k":[{"i":{"x":0.833,"y":0.833},"o":{"x":0.167,"y":0.167},"t":0,"s":[36,38,0],"to":[0,-0.098,0],"ti":[0,0.219,0]},{"i":{"x":0.833,"y":0.833},"o":{"x":0.167,"y":0.167},"t":13.2,"s":[36,169.5,0],"to":[0,-0.367,0],"ti":[0,-31.491,0]},{"i":{"x":0.833,"y":0.833},"o":{"x":0.167,"y":0.167},"t":48,"s":[36,614.332,0],"to":[0,13.816,0],"ti":[0,0.072,0]},{"t":60,"s":[36,722,0]}],"ix":2},"a":{"a":0,"k":[36,36,0],"ix":1},"s":{"a":1,"k":[{"i":{"x":[0.833,0.833,0.833],"y":[0.833,0.833,0.833]},"o":{"x":[0.167,0.167,0.167],"y":[0.167,0.167,0.167]},"t":0,"s":[80,80,100]},{"i":{"x":[0.833,0.833,0.833],"y":[0.833,0.833,0.833]},"o":{"x":[0.167,0.167,0.167],"y":[0.167,0.167,0.167]},"t":13.2,"s":[100,100,100]},{"i":{"x":[0.833,0.833,0.833],"y":[0.833,0.833,0.833]},"o":{"x":[0.167,0.167,0.167],"y":[0.167,0.167,0.167]},"t":48,"s":[100,100,100]},{"t":60,"s":[80,80,100]}],"ix":6}},"ao":0,"w":72,"h":72,"ip":0,"op":900,"st":0,"bm":0}]}],"layers":[{"ddd":0,"ind":1,"ty":0,"nm":"love path 2","refId":"comp_0","sr":1,"ks":{"o":{"a":0,"k":30,"ix":11},"r":{"a":0,"k":0,"ix":10},"p":{"a":0,"k":[332,375,0],"ix":2},"a":{"a":0,"k":[36,375,0],"ix":1},"s":{"a":0,"k":[77.778,77.778,100],"ix":6}},"ao":0,"w":72,"h":750,"ip":13.2,"op":73.2,"st":13.2,"bm":0},{"ddd":0,"ind":2,"ty":0,"nm":"love path 2","refId":"comp_0","sr":1,"ks":{"o":{"a":0,"k":30,"ix":11},"r":{"a":0,"k":0,"ix":10},"p":{"a":0,"k":[552,375,0],"ix":2},"a":{"a":0,"k":[36,375,0],"ix":1},"s":{"a":0,"k":[88.889,88.889,100],"ix":6}},"ao":0,"w":72,"h":750,"ip":37.2,"op":97.2,"st":37.2,"bm":0},{"ddd":0,"ind":3,"ty":0,"nm":"love path","refId":"comp_2","sr":1,"ks":{"o":{"a":0,"k":40,"ix":11},"r":{"a":0,"k":0,"ix":10},"p":{"a":0,"k":[111,495,0],"ix":2},"a":{"a":0,"k":[36,375,0],"ix":1},"s":{"a":0,"k":[66.667,66.667,100],"ix":6}},"ao":0,"w":72,"h":750,"ip":25.2,"op":85.2,"st":25.2,"bm":0},{"ddd":0,"ind":4,"ty":0,"nm":"love path","refId":"comp_2","sr":1,"ks":{"o":{"a":0,"k":30,"ix":11},"r":{"a":0,"k":0,"ix":10},"p":{"a":0,"k":[637,459,0],"ix":2},"a":{"a":0,"k":[36,375,0],"ix":1},"s":{"a":0,"k":[76.8,76.8,100],"ix":6}},"ao":0,"w":72,"h":750,"ip":30,"op":90,"st":30,"bm":0},{"ddd":0,"ind":5,"ty":0,"nm":"love path","refId":"comp_2","sr":1,"ks":{"o":{"a":0,"k":100,"ix":11},"r":{"a":0,"k":0,"ix":10},"p":{"a":0,"k":[495,375,0],"ix":2},"a":{"a":0,"k":[36,375,0],"ix":1},"s":{"a":0,"k":[100,100,100],"ix":6}},"ao":0,"w":72,"h":750,"ip":9.6,"op":69.6,"st":9.6,"bm":0},{"ddd":0,"ind":6,"ty":0,"nm":"love path","refId":"comp_2","sr":1,"ks":{"o":{"a":0,"k":100,"ix":11},"r":{"a":0,"k":0,"ix":10},"p":{"a":0,"k":[235,375,0],"ix":2},"a":{"a":0,"k":[36,375,0],"ix":1},"s":{"a":0,"k":[100,100,100],"ix":6}},"ao":0,"w":72,"h":750,"ip":-2.4,"op":57.6,"st":-2.4,"bm":0},{"ddd":0,"ind":7,"ty":0,"nm":"love path","refId":"comp_2","sr":1,"ks":{"o":{"a":0,"k":100,"ix":11},"r":{"a":0,"k":0,"ix":10},"p":{"a":0,"k":[375,375,0],"ix":2},"a":{"a":0,"k":[36,375,0],"ix":1},"s":{"a":0,"k":[100,100,100],"ix":6}},"ao":0,"w":72,"h":750,"ip":19.2,"op":79.2,"st":19.2,"bm":0}],"markers":[]}