{
  "project_info": {
    "project_number": "319634884697",
    "firebase_url": "https://brides-n-grooms.firebaseio.com",
    "project_id": "brides-n-grooms",
    "storage_bucket": "brides-n-grooms.appspot.com"
  },
  "client": [
    {
      "client_info": {
        "mobilesdk_app_id": "1:319634884697:android:273ecb491abb42a9dc0948",
        "android_client_info": {
          "package_name": "com.bridesandgrooms.event"
        }
      },
      "oauth_client": [
        {
          "client_id": "319634884697-bargo80n0hpojt2e8v8rfvg6s18derd8.apps.googleusercontent.com",
          "client_type": 1,
          "android_info": {
            "package_name": "com.bridesandgrooms.event",
            "certificate_hash": "1a1674e1ede0782dfd0ec4ce318db1b78bf5fa1f"
          }
        },
        {
          "client_id": "319634884697-ihokd8d4om17tsanagl74ife42c5n68f.apps.googleusercontent.com",
          "client_type": 3
        }
      ],
      "api_key": [
        {
          "current_key": "AIzaSyC6nCSLYrxoARX3OAEqNdpSFsf73OOHdbo"
        }
      ],
      "services": {
        "appinvite_service": {
          "other_platform_oauth_client": [
            {
              "client_id": "319634884697-ihokd8d4om17tsanagl74ife42c5n68f.apps.googleusercontent.com",
              "client_type": 3
            }
          ]
        }
      }
    }
  ],
  "configuration_version": "1"
}